{
  "config": {
    "n_reservoir": 15,
    "n_train": 1200,
    "n_test": 500,
    "seeds": [
      42,
      123
    ],
    "degrees": [
      1,
      2
    ],
    "runtime": 13.213464498519897
  },
  "aggregated": {
    "1": {
      "std_mean": 2.119343592539894,
      "std_std": 0.5295839930788319,
      "orth_mean": 2.11614961788082,
      "orth_std": 0.5424925254239475,
      "kappa_mean": 2404.608699063603,
      "kappa_std": 980.117557626921,
      "n_samples": 2
    },
    "2": {
      "std_mean": 0.9416905112026157,
      "std_std": 0.2909155220339557,
      "orth_mean": 27.499123095838463,
      "orth_std": 0.48436694638012945,
      "kappa_mean": 80007073.63291056,
      "kappa_std": 59102239.27102177,
      "n_samples": 2
    }
  },
  "has_phase_transition": 